library,seed,threshold,ref_clusters_total,ref_clusters_covered_rep,coverage_rep,ref_clusters_covered_any,coverage_any,own_cluster_count,own_cluster_ratio,novel_cluster_count,novel_cluster_fraction
Baseline,42,0.5,1469,596,0.40571817562968004,967,0.6582709326072158,322,0.322,53,0.16459627329192547
Baseline,42,0.6,2604,358,0.13748079877112135,622,0.23886328725038403,577,0.577,274,0.4748700173310225
Baseline,42,0.7,3504,206,0.05878995433789954,338,0.09646118721461187,775,0.775,558,0.72
Baseline,1,0.5,1469,590,0.4016337644656229,963,0.6555479918311776,303,0.303,45,0.1485148514851485
Baseline,1,0.6,2604,375,0.14400921658986174,643,0.24692780337941628,555,0.555,252,0.4540540540540541
Baseline,1,0.7,3504,189,0.05393835616438356,303,0.08647260273972603,747,0.747,524,0.7014725568942436
Run1_final,42,0.5,1469,560,0.381211708645337,943,0.641933287950987,444,0.444,79,0.17792792792792791
Run1_final,42,0.6,2604,204,0.07834101382488479,485,0.18625192012288785,859,0.859,550,0.640279394644936
Run1_final,42,0.7,3504,57,0.016267123287671232,125,0.03567351598173516,980,0.98,892,0.9102040816326531
Run1_final,1,0.5,1469,584,0.3975493533015657,955,0.6501021102791015,455,0.455,83,0.1824175824175824
Run1_final,1,0.6,2604,210,0.08064516129032258,484,0.1858678955453149,851,0.851,567,0.6662749706227967
Run1_final,1,0.7,3504,54,0.015410958904109588,114,0.032534246575342464,973,0.973,899,0.9239465570400822
